ISO,Country,Subject Descriptor,Units,Scale,Country/Series-specific Notes,2020,2021,Estimates Start After
AFG,Afghanistan,"Gross domestic product per capita, current prices",Purchasing power parity; international dollars,Units,"See notes for:  Gross domestic product, current prices (National currency) Population (Persons).","2,456,289",n/a,2019
ALB,Albania,"Gross domestic product per capita, current prices",Purchasing power parity; international dollars,Units,"See notes for:  Gross domestic product, current prices (National currency) Population (Persons).","14,171,933","15,487,000",2020
DZA,Algeria,"Gross domestic product per capita, current prices",Purchasing power parity; international dollars,Units,"See notes for:  Gross domestic product, current prices (National currency) Population (Persons).","11,239,547","11,828,518",2019
AND,Andorra,"Gross domestic product per capita, current prices",Purchasing power parity; international dollars,Units,"See notes for:  Gross domestic product, current prices (National currency) Population (Persons).","51,988,722","55,763,618",2020
AGO,Angola,"Gross domestic product per capita, current prices",Purchasing power parity; international dollars,Units,"See notes for:  Gross domestic product, current prices (National currency) Population (Persons).","6,824,551","6,819,601",2017
ATG,Antigua and Barbuda,"Gross domestic product per capita, current prices",Purchasing power parity; international dollars,Units,"See notes for:  Gross domestic product, current prices (National currency) Population (Persons).","18,237,921","18,801,393",2011
ARG,Argentina,"Gross domestic product per capita, current prices",Purchasing power parity; international dollars,Units,"See notes for:  Gross domestic product, current prices (National currency) Population (Persons).","20,759,458","22,891,696",2019
ARM,Armenia,"Gross domestic product per capita, current prices",Purchasing power parity; international dollars,Units,"See notes for:  Gross domestic product, current prices (National currency) Population (Persons).","13,329,316","14,700,692",2020
ABW,Aruba,"Gross domestic product per capita, current prices",Purchasing power parity; international dollars,Units,"See notes for:  Gross domestic product, current prices (National currency) Population (Persons).","29,980,680","34,902,073",2019
AUS,Australia,"Gross domestic product per capita, current prices",Purchasing power parity; international dollars,Units,"See notes for:  Gross domestic product, current prices (National currency) Population (Persons).","51,780,630","55,492,205",2020
AUT,Austria,"Gross domestic product per capita, current prices",Purchasing power parity; international dollars,Units,"See notes for:  Gross domestic product, current prices (National currency) Population (Persons).","55,453,134","59,405,590",2019
AZE,Azerbaijan,"Gross domestic product per capita, current prices",Purchasing power parity; international dollars,Units,"See notes for:  Gross domestic product, current prices (National currency) Population (Persons).","14,514,618","15,299,073",2020
BHS,The Bahamas,"Gross domestic product per capita, current prices",Purchasing power parity; international dollars,Units,"See notes for:  Gross domestic product, current prices (National currency) Population (Persons).","33,233,450","34,731,722",2018
BHR,Bahrain,"Gross domestic product per capita, current prices",Purchasing power parity; international dollars,Units,"See notes for:  Gross domestic product, current prices (National currency) Population (Persons).","50,566,873","53,127,617",2020
BGD,Bangladesh,"Gross domestic product per capita, current prices",Purchasing power parity; international dollars,Units,"See notes for:  Gross domestic product, current prices (National currency) Population (Persons).","5,287,469","5,732,801",2020
BRB,Barbados,"Gross domestic product per capita, current prices",Purchasing power parity; international dollars,Units,"See notes for:  Gross domestic product, current prices (National currency) Population (Persons).","13,324,340","14,223,960",2019
BLR,Belarus,"Gross domestic product per capita, current prices",Purchasing power parity; international dollars,Units,"See notes for:  Gross domestic product, current prices (National currency) Population (Persons).","20,170,004","21,466,510",2020
BEL,Belgium,"Gross domestic product per capita, current prices",Purchasing power parity; international dollars,Units,"See notes for:  Gross domestic product, current prices (National currency) Population (Persons).","51,179,999","55,919,133",2020
BLZ,Belize,"Gross domestic product per capita, current prices",Purchasing power parity; international dollars,Units,"See notes for:  Gross domestic product, current prices (National currency) Population (Persons).","6,132,412","6,738,455",2020
BEN,Benin,"Gross domestic product per capita, current prices",Purchasing power parity; international dollars,Units,"See notes for:  Gross domestic product, current prices (National currency) Population (Persons).","3,498,604","3,719,929",2017
BTN,Bhutan,"Gross domestic product per capita, current prices",Purchasing power parity; international dollars,Units,"See notes for:  Gross domestic product, current prices (National currency) Population (Persons).","12,057,777","12,135,280",2015
BOL,Bolivia,"Gross domestic product per capita, current prices",Purchasing power parity; international dollars,Units,"See notes for:  Gross domestic product, current prices (National currency) Population (Persons).","8,305,422","8,900,548",2017
BIH,Bosnia and Herzegovina,"Gross domestic product per capita, current prices",Purchasing power parity; international dollars,Units,"See notes for:  Gross domestic product, current prices (National currency) Population (Persons).","15,231,309","16,301,575",2018
BWA,Botswana,"Gross domestic product per capita, current prices",Purchasing power parity; international dollars,Units,"See notes for:  Gross domestic product, current prices (National currency) Population (Persons).","15,492,500","17,162,608",2019
BRA,Brazil,"Gross domestic product per capita, current prices",Purchasing power parity; international dollars,Units,"See notes for:  Gross domestic product, current prices (National currency) Population (Persons).","14,890,474","16,168,703",2019
BRN,Brunei Darussalam,"Gross domestic product per capita, current prices",Purchasing power parity; international dollars,Units,"See notes for:  Gross domestic product, current prices (National currency) Population (Persons).","62,306,415","65,674,961",2020
BGR,Bulgaria,"Gross domestic product per capita, current prices",Purchasing power parity; international dollars,Units,"See notes for:  Gross domestic product, current prices (National currency) Population (Persons).","23,721,047","25,846,684",2020
BFA,Burkina Faso,"Gross domestic product per capita, current prices",Purchasing power parity; international dollars,Units,"See notes for:  Gross domestic product, current prices (National currency) Population (Persons).","2,275,778","2,443,910",2018
BDI,Burundi,"Gross domestic product per capita, current prices",Purchasing power parity; international dollars,Units,"See notes for:  Gross domestic product, current prices (National currency) Population (Persons).","761,830","778,816",2016
CPV,Cabo Verde,"Gross domestic product per capita, current prices",Purchasing power parity; international dollars,Units,"See notes for:  Gross domestic product, current prices (National currency) Population (Persons).","6,366,720","6,778,867",2018
KHM,Cambodia,"Gross domestic product per capita, current prices",Purchasing power parity; international dollars,Units,"See notes for:  Gross domestic product, current prices (National currency) Population (Persons).","4,714,982","4,929,976",2019
CMR,Cameroon,"Gross domestic product per capita, current prices",Purchasing power parity; international dollars,Units,"See notes for:  Gross domestic product, current prices (National currency) Population (Persons).","3,687,134","3,859,825",2019
CAN,Canada,"Gross domestic product per capita, current prices",Purchasing power parity; international dollars,Units,"See notes for:  Gross domestic product, current prices (National currency) Population (Persons).","48,759,254","53,089,455",2020
CAF,Central African Republic,"Gross domestic product per capita, current prices",Purchasing power parity; international dollars,Units,"See notes for:  Gross domestic product, current prices (National currency) Population (Persons).","988,895","995,753",2004
TCD,Chad,"Gross domestic product per capita, current prices",Purchasing power parity; international dollars,Units,"See notes for:  Gross domestic product, current prices (National currency) Population (Persons).","1,611,832","1,636,873",2004
CHL,Chile,"Gross domestic product per capita, current prices",Purchasing power parity; international dollars,Units,"See notes for:  Gross domestic product, current prices (National currency) Population (Persons).","23,362,885","26,513,324",2020
CHN,China,"Gross domestic product per capita, current prices",Purchasing power parity; international dollars,Units,"See notes for:  Gross domestic product, current prices (National currency) Population (Persons).","17,104,144","19,090,228",2020
COL,Colombia,"Gross domestic product per capita, current prices",Purchasing power parity; international dollars,Units,"See notes for:  Gross domestic product, current prices (National currency) Population (Persons).","14,473,399","15,921,787",2020
COM,Comoros,"Gross domestic product per capita, current prices",Purchasing power parity; international dollars,Units,"See notes for:  Gross domestic product, current prices (National currency) Population (Persons).","3,044,244","3,120,494",2015
COD,Democratic Republic of the Congo,"Gross domestic product per capita, current prices",Purchasing power parity; international dollars,Units,"See notes for:  Gross domestic product, current prices (National currency) Population (Persons).","1,141,725","1,202,556",2020
COG,Republic of Congo,"Gross domestic product per capita, current prices",Purchasing power parity; international dollars,Units,"See notes for:  Gross domestic product, current prices (National currency) Population (Persons).","4,249,335","4,288,042",2018
CRI,Costa Rica,"Gross domestic product per capita, current prices",Purchasing power parity; international dollars,Units,"See notes for:  Gross domestic product, current prices (National currency) Population (Persons).","20,268,743","21,592,486",2020
CIV,Cфte d'Ivoire,"Gross domestic product per capita, current prices",Purchasing power parity; international dollars,Units,"See notes for:  Gross domestic product, current prices (National currency) Population (Persons).","5,349,494","5,723,565",2015
HRV,Croatia,"Gross domestic product per capita, current prices",Purchasing power parity; international dollars,Units,"See notes for:  Gross domestic product, current prices (National currency) Population (Persons).","28,029,331","31,111,997",2020
CYP,Cyprus,"Gross domestic product per capita, current prices",Purchasing power parity; international dollars,Units,"See notes for:  Gross domestic product, current prices (National currency) Population (Persons).","40,007,024","42,832,149",2020
CZE,Czech Republic,"Gross domestic product per capita, current prices",Purchasing power parity; international dollars,Units,"See notes for:  Gross domestic product, current prices (National currency) Population (Persons).","40,792,631","43,713,661",2019
DNK,Denmark,"Gross domestic product per capita, current prices",Purchasing power parity; international dollars,Units,"See notes for:  Gross domestic product, current prices (National currency) Population (Persons).","59,135,902","63,404,856",2019
DJI,Djibouti,"Gross domestic product per capita, current prices",Purchasing power parity; international dollars,Units,"See notes for:  Gross domestic product, current prices (National currency) Population (Persons).","5,832,603","6,255,057",2018
DMA,Dominica,"Gross domestic product per capita, current prices",Purchasing power parity; international dollars,Units,"See notes for:  Gross domestic product, current prices (National currency) Population (Persons).","11,944,767","12,791,595",2011
DOM,Dominican Republic,"Gross domestic product per capita, current prices",Purchasing power parity; international dollars,Units,"See notes for:  Gross domestic product, current prices (National currency) Population (Persons).","18,619,726","20,943,893",2019
ECU,Ecuador,"Gross domestic product per capita, current prices",Purchasing power parity; international dollars,Units,"See notes for:  Gross domestic product, current prices (National currency) Population (Persons).","10,977,259","11,528,788",2020
EGY,Egypt,"Gross domestic product per capita, current prices",Purchasing power parity; international dollars,Units,"See notes for:  Gross domestic product, current prices (National currency) Population (Persons).","12,787,957","13,421,934",2020
SLV,El Salvador,"Gross domestic product per capita, current prices",Purchasing power parity; international dollars,Units,"See notes for:  Gross domestic product, current prices (National currency) Population (Persons).","8,498,195","9,551,401",2019
GNQ,Equatorial Guinea,"Gross domestic product per capita, current prices",Purchasing power parity; international dollars,Units,"See notes for:  Gross domestic product, current prices (National currency) Population (Persons).","17,897,005","18,698,137",2015
ERI,Eritrea,"Gross domestic product per capita, current prices",Purchasing power parity; international dollars,Units,"See notes for:  Gross domestic product, current prices (National currency) Population (Persons).","1,820,427","1,911,286",2006
EST,Estonia,"Gross domestic product per capita, current prices",Purchasing power parity; international dollars,Units,"See notes for:  Gross domestic product, current prices (National currency) Population (Persons).","37,277,289","41,892,177",2019
SWZ,Eswatini,"Gross domestic product per capita, current prices",Purchasing power parity; international dollars,Units,"See notes for:  Gross domestic product, current prices (National currency) Population (Persons).","9,041,041","9,409,425",2017
ETH,Ethiopia,"Gross domestic product per capita, current prices",Purchasing power parity; international dollars,Units,"See notes for:  Gross domestic product, current prices (National currency) Population (Persons).","2,907,850","3,024,162",2016
FJI,Fiji,"Gross domestic product per capita, current prices",Purchasing power parity; international dollars,Units,"See notes for:  Gross domestic product, current prices (National currency) Population (Persons).","12,032,463","11,901,736",2017
FIN,Finland,"Gross domestic product per capita, current prices",Purchasing power parity; international dollars,Units,"See notes for:  Gross domestic product, current prices (National currency) Population (Persons).","49,806,439","53,083,920",2020
FRA,France,"Gross domestic product per capita, current prices",Purchasing power parity; international dollars,Units,"See notes for:  Gross domestic product, current prices (National currency) Population (Persons).","46,325,344","50,876,226",2020
GAB,Gabon,"Gross domestic product per capita, current prices",Purchasing power parity; international dollars,Units,"See notes for:  Gross domestic product, current prices (National currency) Population (Persons).","15,950,755","16,558,759",2004
GMB,The Gambia,"Gross domestic product per capita, current prices",Purchasing power parity; international dollars,Units,"See notes for:  Gross domestic product, current prices (National currency) Population (Persons).","2,274,094","2,398,524",2018
GEO,Georgia,"Gross domestic product per capita, current prices",Purchasing power parity; international dollars,Units,"See notes for:  Gross domestic product, current prices (National currency) Population (Persons).","14,849,297","16,590,059",2020
DEU,Germany,"Gross domestic product per capita, current prices",Purchasing power parity; international dollars,Units,"See notes for:  Gross domestic product, current prices (National currency) Population (Persons).","54,551,092","58,150,203",2020
GHA,Ghana,"Gross domestic product per capita, current prices",Purchasing power parity; international dollars,Units,"See notes for:  Gross domestic product, current prices (National currency) Population (Persons).","5,798,889","6,189,663",2018
GRC,Greece,"Gross domestic product per capita, current prices",Purchasing power parity; international dollars,Units,"See notes for:  Gross domestic product, current prices (National currency) Population (Persons).","28,722,336","31,820,571",2020
GRD,Grenada,"Gross domestic product per capita, current prices",Purchasing power parity; international dollars,Units,"See notes for:  Gross domestic product, current prices (National currency) Population (Persons).","15,397,136","16,287,544",2019
GTM,Guatemala,"Gross domestic product per capita, current prices",Purchasing power parity; international dollars,Units,"See notes for:  Gross domestic product, current prices (National currency) Population (Persons).","8,303,265","8,894,657",2020
GIN,Guinea,"Gross domestic product per capita, current prices",Purchasing power parity; international dollars,Units,"See notes for:  Gross domestic product, current prices (National currency) Population (Persons).","2,651,192","2,818,373",2014
GNB,Guinea-Bissau,"Gross domestic product per capita, current prices",Purchasing power parity; international dollars,Units,"See notes for:  Gross domestic product, current prices (National currency) Population (Persons).","2,371,279","2,483,173",2017
GUY,Guyana,"Gross domestic product per capita, current prices",Purchasing power parity; international dollars,Units,"See notes for:  Gross domestic product, current prices (National currency) Population (Persons).","19,693,818","24,494,086",2019
HTI,Haiti,"Gross domestic product per capita, current prices",Purchasing power parity; international dollars,Units,"See notes for:  Gross domestic product, current prices (National currency) Population (Persons).","3,005,202","3,049,406",2003
HND,Honduras,"Gross domestic product per capita, current prices",Purchasing power parity; international dollars,Units,"See notes for:  Gross domestic product, current prices (National currency) Population (Persons).","5,399,403","5,766,774",2019
HKG,Hong Kong SAR,"Gross domestic product per capita, current prices",Purchasing power parity; international dollars,Units,"See notes for:  Gross domestic product, current prices (National currency) Population (Persons).","59,655,790","65,403,451",2020
HUN,Hungary,"Gross domestic product per capita, current prices",Purchasing power parity; international dollars,Units,"See notes for:  Gross domestic product, current prices (National currency) Population (Persons).","33,044,637","36,848,641",2020
ISL,Iceland,"Gross domestic product per capita, current prices",Purchasing power parity; international dollars,Units,"See notes for:  Gross domestic product, current prices (National currency) Population (Persons).","56,065,748","59,268,338",2018
IND,India,"Gross domestic product per capita, current prices",Purchasing power parity; international dollars,Units,"See notes for:  Gross domestic product, current prices (National currency) Population (Persons).","6,510,058","7,314,129",2013
IDN,Indonesia,"Gross domestic product per capita, current prices",Purchasing power parity; international dollars,Units,"See notes for:  Gross domestic product, current prices (National currency) Population (Persons).","12,220,049","12,967,303",2020
IRN,Islamic Republic of Iran,"Gross domestic product per capita, current prices",Purchasing power parity; international dollars,Units,"See notes for:  Gross domestic product, current prices (National currency) Population (Persons).","13,313,713","13,993,170",2019
IRQ,Iraq,"Gross domestic product per capita, current prices",Purchasing power parity; international dollars,Units,"See notes for:  Gross domestic product, current prices (National currency) Population (Persons).","9,951,455","10,415,306",2013
IRL,Ireland,"Gross domestic product per capita, current prices",Purchasing power parity; international dollars,Units,"See notes for:  Gross domestic product, current prices (National currency) Population (Persons).","95,993,821","111,359,648",2020
ISR,Israel,"Gross domestic product per capita, current prices",Purchasing power parity; international dollars,Units,"See notes for:  Gross domestic product, current prices (National currency) Population (Persons).","41,271,022","44,965,834",2020
ITA,Italy,"Gross domestic product per capita, current prices",Purchasing power parity; international dollars,Units,"See notes for:  Gross domestic product, current prices (National currency) Population (Persons).","41,268,176","45,267,352",2019
JAM,Jamaica,"Gross domestic product per capita, current prices",Purchasing power parity; international dollars,Units,"See notes for:  Gross domestic product, current prices (National currency) Population (Persons).","9,993,060","10,814,620",2019
JPN,Japan,"Gross domestic product per capita, current prices",Purchasing power parity; international dollars,Units,"See notes for:  Gross domestic product, current prices (National currency) Population (Persons).","42,211,749","44,934,938",2015
JOR,Jordan,"Gross domestic product per capita, current prices",Purchasing power parity; international dollars,Units,"See notes for:  Gross domestic product, current prices (National currency) Population (Persons).","10,348,379","10,821,461",2018
KAZ,Kazakhstan,"Gross domestic product per capita, current prices",Purchasing power parity; international dollars,Units,"See notes for:  Gross domestic product, current prices (National currency) Population (Persons).","26,551,075","28,042,649",2019
KEN,Kenya,"Gross domestic product per capita, current prices",Purchasing power parity; international dollars,Units,"See notes for:  Gross domestic product, current prices (National currency) Population (Persons).","5,054,965","5,407,288",2019
KIR,Kiribati,"Gross domestic product per capita, current prices",Purchasing power parity; international dollars,Units,"See notes for:  Gross domestic product, current prices (National currency) Population (Persons).","2,199,186","2,280,775",2017
KOR,Korea,"Gross domestic product per capita, current prices",Purchasing power parity; international dollars,Units,"See notes for:  Gross domestic product, current prices (National currency) Population (Persons).","44,750,008","48,308,905",2020
UVK,Kosovo,"Gross domestic product per capita, current prices",Purchasing power parity; international dollars,Units,"See notes for:  Gross domestic product, current prices (National currency) Population (Persons).","11,469,627","12,545,741",2020
KWT,Kuwait,"Gross domestic product per capita, current prices",Purchasing power parity; international dollars,Units,"See notes for:  Gross domestic product, current prices (National currency) Population (Persons).","43,250,466","44,609,367",2020
KGZ,Kyrgyz Republic,"Gross domestic product per capita, current prices",Purchasing power parity; international dollars,Units,"See notes for:  Gross domestic product, current prices (National currency) Population (Persons).","5,006,768","5,186,570",2019
LAO,Lao P.D.R.,"Gross domestic product per capita, current prices",Purchasing power parity; international dollars,Units,"See notes for:  Gross domestic product, current prices (National currency) Population (Persons).","8,099,419","8,443,797",2020
LVA,Latvia,"Gross domestic product per capita, current prices",Purchasing power parity; international dollars,Units,"See notes for:  Gross domestic product, current prices (National currency) Population (Persons).","31,485,303","34,169,192",2019
LBN,Lebanon,"Gross domestic product per capita, current prices",Purchasing power parity; international dollars,Units,"See notes for:  Gross domestic product, current prices (National currency) Population (Persons).","11,561,097",n/a,2019
LSO,Lesotho,"Gross domestic product per capita, current prices",Purchasing power parity; international dollars,Units,"See notes for:  Gross domestic product, current prices (National currency) Population (Persons).","2,623,520","2,761,017",2016
LBR,Liberia,"Gross domestic product per capita, current prices",Purchasing power parity; international dollars,Units,"See notes for:  Gross domestic product, current prices (National currency) Population (Persons).","1,550,241","1,622,533",2016
LBY,Libya,"Gross domestic product per capita, current prices",Purchasing power parity; international dollars,Units,"See notes for:  Gross domestic product, current prices (National currency) Population (Persons).","5,892,355","13,489,254",2014
LTU,Lithuania,"Gross domestic product per capita, current prices",Purchasing power parity; international dollars,Units,"See notes for:  Gross domestic product, current prices (National currency) Population (Persons).","38,817,291","42,091,309",2019
LUX,Luxembourg,"Gross domestic product per capita, current prices",Purchasing power parity; international dollars,Units,"See notes for:  Gross domestic product, current prices (National currency) Population (Persons).","117,983,511","126,568,690",2020
MAC,Macao SAR,"Gross domestic product per capita, current prices",Purchasing power parity; international dollars,Units,"See notes for:  Gross domestic product, current prices (National currency) Population (Persons).","54,942,618","67,474,978",2020
MDG,Madagascar,"Gross domestic product per capita, current prices",Purchasing power parity; international dollars,Units,"See notes for:  Gross domestic product, current prices (National currency) Population (Persons).","1,514,662","1,629,936",2010
MWI,Malawi,"Gross domestic product per capita, current prices",Purchasing power parity; international dollars,Units,"See notes for:  Gross domestic product, current prices (National currency) Population (Persons).","1,460,199","1,502,820",2016
MYS,Malaysia,"Gross domestic product per capita, current prices",Purchasing power parity; international dollars,Units,"See notes for:  Gross domestic product, current prices (National currency) Population (Persons).","27,435,900","29,048,363",2020
MDV,Maldives,"Gross domestic product per capita, current prices",Purchasing power parity; international dollars,Units,"See notes for:  Gross domestic product, current prices (National currency) Population (Persons).","19,681,526","23,838,029",2014
MLI,Mali,"Gross domestic product per capita, current prices",Purchasing power parity; international dollars,Units,"See notes for:  Gross domestic product, current prices (National currency) Population (Persons).","2,410,043","2,521,607",2017
MLT,Malta,"Gross domestic product per capita, current prices",Purchasing power parity; international dollars,Units,"See notes for:  Gross domestic product, current prices (National currency) Population (Persons).","43,655,850","47,152,067",2020
MHL,Marshall Islands,"Gross domestic product per capita, current prices",Purchasing power parity; international dollars,Units,"See notes for:  Gross domestic product, current prices (National currency) Population (Persons).","3,829,940","3,877,417",2018
MRT,Mauritania,"Gross domestic product per capita, current prices",Purchasing power parity; international dollars,Units,"See notes for:  Gross domestic product, current prices (National currency) Population (Persons).","6,044,525","6,292,690",2014
MUS,Mauritius,"Gross domestic product per capita, current prices",Purchasing power parity; international dollars,Units,"See notes for:  Gross domestic product, current prices (National currency) Population (Persons).","20,506,033","22,311,366",2018
MEX,Mexico,"Gross domestic product per capita, current prices",Purchasing power parity; international dollars,Units,"See notes for:  Gross domestic product, current prices (National currency) Population (Persons).","19,089,335","20,820,363",2020
FSM,Micronesia,"Gross domestic product per capita, current prices",Purchasing power parity; international dollars,Units,"See notes for:  Gross domestic product, current prices (National currency) Population (Persons).","3,438,367","3,440,619",2018
MDA,Moldova,"Gross domestic product per capita, current prices",Purchasing power parity; international dollars,Units,"See notes for:  Gross domestic product, current prices (National currency) Population (Persons).","12,934,710","14,257,806",2019
MNG,Mongolia,"Gross domestic product per capita, current prices",Purchasing power parity; international dollars,Units,"See notes for:  Gross domestic product, current prices (National currency) Population (Persons).","11,823,441","12,670,714",2020
MNE,Montenegro,"Gross domestic product per capita, current prices",Purchasing power parity; international dollars,Units,"See notes for:  Gross domestic product, current prices (National currency) Population (Persons).","19,304,987","21,386,951",2020
MAR,Morocco,"Gross domestic product per capita, current prices",Purchasing power parity; international dollars,Units,"See notes for:  Gross domestic product, current prices (National currency) Population (Persons).","7,687,785","8,337,661",2018
MOZ,Mozambique,"Gross domestic product per capita, current prices",Purchasing power parity; international dollars,Units,"See notes for:  Gross domestic product, current prices (National currency) Population (Persons).","1,297,296","1,338,225",2015
MMR,Myanmar,"Gross domestic product per capita, current prices",Purchasing power parity; international dollars,Units,"See notes for:  Gross domestic product, current prices (National currency) Population (Persons).","5,240,843","4,426,495",2015
NAM,Namibia,"Gross domestic product per capita, current prices",Purchasing power parity; international dollars,Units,"See notes for:  Gross domestic product, current prices (National currency) Population (Persons).","9,517,285","9,615,991",2020
NRU,Nauru,"Gross domestic product per capita, current prices",Purchasing power parity; international dollars,Units,"See notes for:  Gross domestic product, current prices (National currency) Population (Persons).","9,852,935","10,167,286",2016
NPL,Nepal,"Gross domestic product per capita, current prices",Purchasing power parity; international dollars,Units,"See notes for:  Gross domestic product, current prices (National currency) Population (Persons).","4,049,376","4,215,434",2018
NLD,Netherlands,"Gross domestic product per capita, current prices",Purchasing power parity; international dollars,Units,"See notes for:  Gross domestic product, current prices (National currency) Population (Persons).","57,665,272","61,816,311",2020
NZL,New Zealand,"Gross domestic product per capita, current prices",Purchasing power parity; international dollars,Units,"See notes for:  Gross domestic product, current prices (National currency) Population (Persons).","42,445,496","45,879,609",2020
NIC,Nicaragua,"Gross domestic product per capita, current prices",Purchasing power parity; international dollars,Units,"See notes for:  Gross domestic product, current prices (National currency) Population (Persons).","5,679,183","6,132,814",2020
NER,Niger,"Gross domestic product per capita, current prices",Purchasing power parity; international dollars,Units,"See notes for:  Gross domestic product, current prices (National currency) Population (Persons).","1,288,610","1,354,879",2009
NGA,Nigeria,"Gross domestic product per capita, current prices",Purchasing power parity; international dollars,Units,"See notes for:  Gross domestic product, current prices (National currency) Population (Persons).","5,185,972","5,377,435",2012
MKD,North Macedonia,"Gross domestic product per capita, current prices",Purchasing power parity; international dollars,Units,"See notes for:  Gross domestic product, current prices (National currency) Population (Persons).","16,769,632","18,068,902",2020
NOR,Norway,"Gross domestic product per capita, current prices",Purchasing power parity; international dollars,Units,"See notes for:  Gross domestic product, current prices (National currency) Population (Persons).","65,840,973","69,858,899",2020
OMN,Oman,"Gross domestic product per capita, current prices",Purchasing power parity; international dollars,Units,"See notes for:  Gross domestic product, current prices (National currency) Population (Persons).","31,312,039","32,326,574",2020
PAK,Pakistan,"Gross domestic product per capita, current prices",Purchasing power parity; international dollars,Units,"See notes for:  Gross domestic product, current prices (National currency) Population (Persons).","5,153,376","5,447,436",2020
PLW,Palau,"Gross domestic product per capita, current prices",Purchasing power parity; international dollars,Units,"See notes for:  Gross domestic product, current prices (National currency) Population (Persons).","14,838,112","12,227,966",2020
PAN,Panama,"Gross domestic product per capita, current prices",Purchasing power parity; international dollars,Units,"See notes for:  Gross domestic product, current prices (National currency) Population (Persons).","26,998,802","30,889,244",2020
PNG,Papua New Guinea,"Gross domestic product per capita, current prices",Purchasing power parity; international dollars,Units,"See notes for:  Gross domestic product, current prices (National currency) Population (Persons).","3,831,297","3,935,523",2019
PRY,Paraguay,"Gross domestic product per capita, current prices",Purchasing power parity; international dollars,Units,"See notes for:  Gross domestic product, current prices (National currency) Population (Persons).","12,851,620","13,723,985",2019
PER,Peru,"Gross domestic product per capita, current prices",Purchasing power parity; international dollars,Units,"See notes for:  Gross domestic product, current prices (National currency) Population (Persons).","11,880,635","13,410,254",2018
PHL,Philippines,"Gross domestic product per capita, current prices",Purchasing power parity; international dollars,Units,"See notes for:  Gross domestic product, current prices (National currency) Population (Persons).","8,449,381","8,900,160",2020
POL,Poland,"Gross domestic product per capita, current prices",Purchasing power parity; international dollars,Units,"See notes for:  Gross domestic product, current prices (National currency) Population (Persons).","34,165,133","37,322,871",2020
PRT,Portugal,"Gross domestic product per capita, current prices",Purchasing power parity; international dollars,Units,"See notes for:  Gross domestic product, current prices (National currency) Population (Persons).","33,711,684","36,542,630",2020
PRI,Puerto Rico,"Gross domestic product per capita, current prices",Purchasing power parity; international dollars,Units,"See notes for:  Gross domestic product, current prices (National currency) Population (Persons).","35,660,267","37,169,687",2020
QAT,Qatar,"Gross domestic product per capita, current prices",Purchasing power parity; international dollars,Units,"See notes for:  Gross domestic product, current prices (National currency) Population (Persons).","96,607,483","100,036,996",2020
ROU,Romania,"Gross domestic product per capita, current prices",Purchasing power parity; international dollars,Units,"See notes for:  Gross domestic product, current prices (National currency) Population (Persons).","30,517,480","33,833,095",2020
RUS,Russia,"Gross domestic product per capita, current prices",Purchasing power parity; international dollars,Units,"See notes for:  Gross domestic product, current prices (National currency) Population (Persons).","28,052,589","30,431,213",2020
RWA,Rwanda,"Gross domestic product per capita, current prices",Purchasing power parity; international dollars,Units,"See notes for:  Gross domestic product, current prices (National currency) Population (Persons).","2,263,915","2,409,525",2012
WSM,Samoa,"Gross domestic product per capita, current prices",Purchasing power parity; international dollars,Units,"See notes for:  Gross domestic product, current prices (National currency) Population (Persons).","5,803,833","5,541,452",2016
SMR,San Marino,"Gross domestic product per capita, current prices",Purchasing power parity; international dollars,Units,"See notes for:  Gross domestic product, current prices (National currency) Population (Persons).","60,489,567","65,445,638",2019
STP,Sгo Tomй and Prнncipe,"Gross domestic product per capita, current prices",Purchasing power parity; international dollars,Units,"See notes for:  Gross domestic product, current prices (National currency) Population (Persons).","4,255,699","4,402,058",2011
SAU,Saudi Arabia,"Gross domestic product per capita, current prices",Purchasing power parity; international dollars,Units,"See notes for:  Gross domestic product, current prices (National currency) Population (Persons).","46,489,329","48,908,351",2020
SEN,Senegal,"Gross domestic product per capita, current prices",Purchasing power parity; international dollars,Units,"See notes for:  Gross domestic product, current prices (National currency) Population (Persons).","3,502,530","3,699,399",2019
SRB,Serbia,"Gross domestic product per capita, current prices",Purchasing power parity; international dollars,Units,"See notes for:  Gross domestic product, current prices (National currency) Population (Persons).","19,168,069","21,242,553",2020
SYC,Seychelles,"Gross domestic product per capita, current prices",Purchasing power parity; international dollars,Units,"See notes for:  Gross domestic product, current prices (National currency) Population (Persons).","25,554,604","28,060,355",2015
SLE,Sierra Leone,"Gross domestic product per capita, current prices",Purchasing power parity; international dollars,Units,"See notes for:  Gross domestic product, current prices (National currency) Population (Persons).","1,727,475","1,808,970",2017
SGP,Singapore,"Gross domestic product per capita, current prices",Purchasing power parity; international dollars,Units,"See notes for:  Gross domestic product, current prices (National currency) Population (Persons).","98,511,882","107,677,221",2020
SVK,Slovak Republic,"Gross domestic product per capita, current prices",Purchasing power parity; international dollars,Units,"See notes for:  Gross domestic product, current prices (National currency) Population (Persons).","32,866,409","35,547,480",2019
SVN,Slovenia,"Gross domestic product per capita, current prices",Purchasing power parity; international dollars,Units,"See notes for:  Gross domestic product, current prices (National currency) Population (Persons).","39,377,825","43,206,363",2020
SLB,Solomon Islands,"Gross domestic product per capita, current prices",Purchasing power parity; international dollars,Units,"See notes for:  Gross domestic product, current prices (National currency) Population (Persons).","2,348,592","2,410,100",2015
SOM,Somalia,"Gross domestic product per capita, current prices",Purchasing power parity; international dollars,Units,"See notes for:  Gross domestic product, current prices (National currency) Population (Persons).","931,899","953,283",2013
ZAF,South Africa,"Gross domestic product per capita, current prices",Purchasing power parity; international dollars,Units,"See notes for:  Gross domestic product, current prices (National currency) Population (Persons).","13,289,266","14,239,405",2020
SSD,South Sudan,"Gross domestic product per capita, current prices",Purchasing power parity; international dollars,Units,"See notes for:  Gross domestic product, current prices (National currency) Population (Persons).","791,187","839,017",2008
ESP,Spain,"Gross domestic product per capita, current prices",Purchasing power parity; international dollars,Units,"See notes for:  Gross domestic product, current prices (National currency) Population (Persons).","38,442,860","42,074,498",2020
LKA,Sri Lanka,"Gross domestic product per capita, current prices",Purchasing power parity; international dollars,Units,"See notes for:  Gross domestic product, current prices (National currency) Population (Persons).","13,222,916","14,123,292",2019
KNA,St. Kitts and Nevis,"Gross domestic product per capita, current prices",Purchasing power parity; international dollars,Units,"See notes for:  Gross domestic product, current prices (National currency) Population (Persons).","23,876,784","24,236,159",2015
LCA,St. Lucia,"Gross domestic product per capita, current prices",Purchasing power parity; international dollars,Units,"See notes for:  Gross domestic product, current prices (National currency) Population (Persons).","12,896,628","13,739,081",2015
VCT,St. Vincent and the Grenadines,"Gross domestic product per capita, current prices",Purchasing power parity; international dollars,Units,"See notes for:  Gross domestic product, current prices (National currency) Population (Persons).","12,750,356","12,395,296",2016
SDN,Sudan,"Gross domestic product per capita, current prices",Purchasing power parity; international dollars,Units,"See notes for:  Gross domestic product, current prices (National currency) Population (Persons).","4,095,768","4,173,054",2011
SUR,Suriname,"Gross domestic product per capita, current prices",Purchasing power parity; international dollars,Units,"See notes for:  Gross domestic product, current prices (National currency) Population (Persons).","16,291,949","16,793,045",2020
SWE,Sweden,"Gross domestic product per capita, current prices",Purchasing power parity; international dollars,Units,"See notes for:  Gross domestic product, current prices (National currency) Population (Persons).","54,479,613","57,425,000",2020
CHE,Switzerland,"Gross domestic product per capita, current prices",Purchasing power parity; international dollars,Units,"See notes for:  Gross domestic product, current prices (National currency) Population (Persons).","73,246,113","78,111,508",2020
SYR,Syria,"Gross domestic product per capita, current prices",Purchasing power parity; international dollars,Units,"See notes for:  Gross domestic product, current prices (National currency) Population (Persons).",n/a,n/a,2010
TWN,Taiwan Province of China,"Gross domestic product per capita, current prices",Purchasing power parity; international dollars,Units,"See notes for:  Gross domestic product, current prices (National currency) Population (Persons).","55,855,770","61,371,020",2020
TJK,Tajikistan,"Gross domestic product per capita, current prices",Purchasing power parity; international dollars,Units,"See notes for:  Gross domestic product, current prices (National currency) Population (Persons).","3,675,065","3,922,774",2014
TZA,Tanzania,"Gross domestic product per capita, current prices",Purchasing power parity; international dollars,Units,"See notes for:  Gross domestic product, current prices (National currency) Population (Persons).","2,925,615","3,061,734",2012
THA,Thailand,"Gross domestic product per capita, current prices",Purchasing power parity; international dollars,Units,"See notes for:  Gross domestic product, current prices (National currency) Population (Persons).","18,231,287","19,028,424",2019
TLS,Timor-Leste,"Gross domestic product per capita, current prices",Purchasing power parity; international dollars,Units,"See notes for:  Gross domestic product, current prices (National currency) Population (Persons).","3,355,736","3,105,809",2019
TGO,Togo,"Gross domestic product per capita, current prices",Purchasing power parity; international dollars,Units,"See notes for:  Gross domestic product, current prices (National currency) Population (Persons).","2,221,738","2,353,459",2016
TON,Tonga,"Gross domestic product per capita, current prices",Purchasing power parity; international dollars,Units,"See notes for:  Gross domestic product, current prices (National currency) Population (Persons).","6,259,049","6,361,409",2020
TTO,Trinidad and Tobago,"Gross domestic product per capita, current prices",Purchasing power parity; international dollars,Units,"See notes for:  Gross domestic product, current prices (National currency) Population (Persons).","25,021,605","25,526,113",2019
TUN,Tunisia,"Gross domestic product per capita, current prices",Purchasing power parity; international dollars,Units,"See notes for:  Gross domestic product, current prices (National currency) Population (Persons).","10,141,720","10,720,220",2019
TUR,Turkey,"Gross domestic product per capita, current prices",Purchasing power parity; international dollars,Units,"See notes for:  Gross domestic product, current prices (National currency) Population (Persons).","30,448,713","33,963,104",2020
TKM,Turkmenistan,"Gross domestic product per capita, current prices",Purchasing power parity; international dollars,Units,"See notes for:  Gross domestic product, current prices (National currency) Population (Persons).","14,312,318","15,347,362",2004
TUV,Tuvalu,"Gross domestic product per capita, current prices",Purchasing power parity; international dollars,Units,"See notes for:  Gross domestic product, current prices (National currency) Population (Persons).","4,998,701","5,289,320",2017
UGA,Uganda,"Gross domestic product per capita, current prices",Purchasing power parity; international dollars,Units,"See notes for:  Gross domestic product, current prices (National currency) Population (Persons).","2,591,433","2,729,209",2016
UKR,Ukraine,"Gross domestic product per capita, current prices",Purchasing power parity; international dollars,Units,"See notes for:  Gross domestic product, current prices (National currency) Population (Persons).","13,128,730","14,145,874",2020
ARE,United Arab Emirates,"Gross domestic product per capita, current prices",Purchasing power parity; international dollars,Units,"See notes for:  Gross domestic product, current prices (National currency) Population (Persons).","71,139,081","74,244,987",2020
GBR,United Kingdom,"Gross domestic product per capita, current prices",Purchasing power parity; international dollars,Units,"See notes for:  Gross domestic product, current prices (National currency) Population (Persons).","44,153,922","48,693,183",2019
USA,United States,"Gross domestic product per capita, current prices",Purchasing power parity; international dollars,Units,"See notes for:  Gross domestic product, current prices (National currency) Population (Persons).","63,358,489","69,375,375",2020
URY,Uruguay,"Gross domestic product per capita, current prices",Purchasing power parity; international dollars,Units,"See notes for:  Gross domestic product, current prices (National currency) Population (Persons).","22,422,691","23,868,980",2015
UZB,Uzbekistan,"Gross domestic product per capita, current prices",Purchasing power parity; international dollars,Units,"See notes for:  Gross domestic product, current prices (National currency) Population (Persons).","7,808,919","8,452,088",2020
VUT,Vanuatu,"Gross domestic product per capita, current prices",Purchasing power parity; international dollars,Units,"See notes for:  Gross domestic product, current prices (National currency) Population (Persons).","2,659,443","2,725,132",2018
VEN,Venezuela,"Gross domestic product per capita, current prices",Purchasing power parity; international dollars,Units,"See notes for:  Gross domestic product, current prices (National currency) Population (Persons).","5,176,852","5,162,576",2010
VNM,Vietnam,"Gross domestic product per capita, current prices",Purchasing power parity; international dollars,Units,"See notes for:  Gross domestic product, current prices (National currency) Population (Persons).","10,897,466","11,607,891",2019
WBG,West Bank and Gaza,"Gross domestic product per capita, current prices",Purchasing power parity; international dollars,Units,"See notes for:  Gross domestic product, current prices (National currency) Population (Persons).","5,357,237","5,662,055",2020
YEM,Yemen,"Gross domestic product per capita, current prices",Purchasing power parity; international dollars,Units,"See notes for:  Gross domestic product, current prices (National currency) Population (Persons).","1,844,013","1,826,590",2019
ZMB,Zambia,"Gross domestic product per capita, current prices",Purchasing power parity; international dollars,Units,"See notes for:  Gross domestic product, current prices (National currency) Population (Persons).","3,358,006","3,410,305",2019
ZWE,Zimbabwe,"Gross domestic product per capita, current prices",Purchasing power parity; international dollars,Units,"See notes for:  Gross domestic product, current prices (National currency) Population (Persons).","2,254,493","2,407,610",2017
,,,,,,,,
"International Monetary Fund, World Economic Outlook Database, October 2021",,,,,,,,
